Allele,Allele_Frequency_Percent,Count,Class,Source
A*01:01,3.58126,60182,C,China_CWD_2.2
A*02:01,12.01384,201889,C,China_CWD_2.2
A*02:03,3.47879,58460,C,China_CWD_2.2
A*02:05,0.35645,5990,C,China_CWD_2.2
A*02:06,5.20884,87533,C,China_CWD_2.2
A*02:07,8.44067,141843,C,China_CWD_2.2
A*02:10,0.35282,5929,C,China_CWD_2.2
A*03:01,2.96161,49769,C,China_CWD_2.2
A*03:02,0.22155,3723,C,China_CWD_2.2
A*11:01,20.93337,351779,C,China_CWD_2.2
A*11:02,1.75189,29440,C,China_CWD_2.2
A*11:03,0.10336,1737,C,China_CWD_2.2
A*23:01,0.26052,4378,C,China_CWD_2.2
A*24:02,15.52578,260906,C,China_CWD_2.2
A*24:03,0.14972,2516,C,China_CWD_2.2
A*24:07,0.21881,3677,C,China_CWD_2.2
A*24:20,0.26022,4373,C,China_CWD_2.2
A*26:01,2.84147,47750,C,China_CWD_2.2
A*29:01,0.67124,11280,C,China_CWD_2.2
A*30:01,5.90972,99311,C,China_CWD_2.2
A*31:01,3.27105,54969,C,China_CWD_2.2
A*32:01,1.33129,22372,C,China_CWD_2.2
A*33:01,0.18590,3124,C,China_CWD_2.2
A*33:03,8.18390,137528,C,China_CWD_2.2
A*68:01,0.71093,11947,C,China_CWD_2.2
A*69:01,0.12723,2138,C,China_CWD_2.2
